run,group,direction,n_tokens,cjk,latin,cyrillic,thai,arabic,punctuation,whitespace,other
qwen3-32b_pca-jlens,control_apriori_axis,+arousal,12,0.8333,0.1667,0.0,0.0,0.0,0.0,0.0,0.0
qwen3-32b_pca-jlens,control_apriori_axis,+valence,12,1.0,0.0,0.0,0.0,0.0,0.0,0.0,0.0
qwen3-32b_pca-jlens,control_apriori_axis,-arousal,12,0.1667,0.0,0.0,0.0,0.0,0.25,0.5833,0.0
qwen3-32b_pca-jlens,control_apriori_axis,-valence,12,0.5833,0.4167,0.0,0.0,0.0,0.0,0.0,0.0
qwen3-32b_pca-jlens,gate_a_emotion_vector,angry,12,0.8333,0.0,0.0833,0.0833,0.0,0.0,0.0,0.0
qwen3-32b_pca-jlens,gate_a_emotion_vector,anxious,12,0.5,0.4167,0.0,0.0833,0.0,0.0,0.0,0.0
qwen3-32b_pca-jlens,gate_a_emotion_vector,bored,12,0.5,0.1667,0.3333,0.0,0.0,0.0,0.0,0.0
qwen3-32b_pca-jlens,gate_a_emotion_vector,calm,12,0.25,0.0,0.0,0.0,0.0,0.3333,0.3333,0.0833
qwen3-32b_pca-jlens,gate_a_emotion_vector,content,12,0.5,0.0,0.0,0.0,0.0,0.1667,0.3333,0.0
qwen3-32b_pca-jlens,gate_a_emotion_vector,ecstatic,12,0.9167,0.0,0.0,0.0833,0.0,0.0,0.0,0.0
qwen3-32b_pca-jlens,gate_a_emotion_vector,elated,12,0.9167,0.0833,0.0,0.0,0.0,0.0,0.0,0.0
qwen3-32b_pca-jlens,gate_a_emotion_vector,excited,12,0.8333,0.0,0.0,0.1667,0.0,0.0,0.0,0.0
qwen3-32b_pca-jlens,gate_a_emotion_vector,furious,12,1.0,0.0,0.0,0.0,0.0,0.0,0.0,0.0
qwen3-32b_pca-jlens,gate_a_emotion_vector,gloomy,12,0.0,0.3333,0.0,0.0,0.0,0.25,0.4167,0.0
qwen3-32b_pca-jlens,gate_a_emotion_vector,relaxed,12,1.0,0.0,0.0,0.0,0.0,0.0,0.0,0.0
qwen3-32b_pca-jlens,gate_a_emotion_vector,sad,12,0.1667,0.25,0.0,0.0,0.0,0.3333,0.25,0.0
qwen3-32b_pca-jlens,gate_a_emotion_vector,serene,12,0.25,0.1667,0.0,0.0,0.0,0.1667,0.3333,0.0833
qwen3-32b_pca-jlens,gate_a_emotion_vector,terrified,12,1.0,0.0,0.0,0.0,0.0,0.0,0.0,0.0
qwen3-32b_pca-jlens,gate_a_emotion_vector,thrilled,12,0.75,0.1667,0.0,0.0833,0.0,0.0,0.0,0.0
qwen3-32b_pca-jlens,gate_a_emotion_vector,weary,12,0.3333,0.6667,0.0,0.0,0.0,0.0,0.0,0.0
qwen3-32b_pca-jlens,gate_b_pc,+PC1,12,0.0833,0.0,0.0,0.0,0.0,0.25,0.5833,0.0833
qwen3-32b_pca-jlens,gate_b_pc,+PC2,12,0.5,0.5,0.0,0.0,0.0,0.0,0.0,0.0
qwen3-32b_pca-jlens,gate_b_pc,+PC3,12,0.25,0.75,0.0,0.0,0.0,0.0,0.0,0.0
qwen3-32b_pca-jlens,gate_b_pc,+PC4,12,0.0,0.6667,0.0,0.0,0.0,0.1667,0.1667,0.0
qwen3-32b_pca-jlens,gate_b_pc,+PC5,12,0.4167,0.1667,0.25,0.0,0.0,0.1667,0.0,0.0
qwen3-32b_pca-jlens,gate_b_pc,-PC1,12,0.9167,0.0833,0.0,0.0,0.0,0.0,0.0,0.0
qwen3-32b_pca-jlens,gate_b_pc,-PC2,12,1.0,0.0,0.0,0.0,0.0,0.0,0.0,0.0
qwen3-32b_pca-jlens,gate_b_pc,-PC3,12,0.3333,0.6667,0.0,0.0,0.0,0.0,0.0,0.0
qwen3-32b_pca-jlens,gate_b_pc,-PC4,12,0.6667,0.25,0.0,0.0,0.0,0.0833,0.0,0.0
qwen3-32b_pca-jlens,gate_b_pc,-PC5,12,0.0833,0.9167,0.0,0.0,0.0,0.0,0.0,0.0
qwen3-32b_pca-jlens_171,control_apriori_axis,+arousal,12,0.8333,0.1667,0.0,0.0,0.0,0.0,0.0,0.0
qwen3-32b_pca-jlens_171,control_apriori_axis,+valence,12,1.0,0.0,0.0,0.0,0.0,0.0,0.0,0.0
qwen3-32b_pca-jlens_171,control_apriori_axis,-arousal,12,0.1667,0.0,0.0,0.0,0.0,0.25,0.5833,0.0
qwen3-32b_pca-jlens_171,control_apriori_axis,-valence,12,0.5833,0.4167,0.0,0.0,0.0,0.0,0.0,0.0
qwen3-32b_pca-jlens_171,gate_a_emotion_vector,afraid,12,0.0,1.0,0.0,0.0,0.0,0.0,0.0,0.0
qwen3-32b_pca-jlens_171,gate_a_emotion_vector,alarmed,12,0.9167,0.0833,0.0,0.0,0.0,0.0,0.0,0.0
qwen3-32b_pca-jlens_171,gate_a_emotion_vector,alert,12,0.0,0.9167,0.0,0.0,0.0,0.0833,0.0,0.0
qwen3-32b_pca-jlens_171,gate_a_emotion_vector,amazed,12,0.9167,0.0833,0.0,0.0,0.0,0.0,0.0,0.0
qwen3-32b_pca-jlens_171,gate_a_emotion_vector,amused,12,0.0,1.0,0.0,0.0,0.0,0.0,0.0,0.0
qwen3-32b_pca-jlens_171,gate_a_emotion_vector,angry,12,0.75,0.25,0.0,0.0,0.0,0.0,0.0,0.0
qwen3-32b_pca-jlens_171,gate_a_emotion_vector,annoyed,12,0.3333,0.6667,0.0,0.0,0.0,0.0,0.0,0.0
qwen3-32b_pca-jlens_171,gate_a_emotion_vector,anxious,12,0.0,0.6667,0.0,0.0,0.0,0.3333,0.0,0.0
qwen3-32b_pca-jlens_171,gate_a_emotion_vector,aroused,12,0.0,0.5,0.0,0.0,0.0,0.3333,0.0,0.1667
qwen3-32b_pca-jlens_171,gate_a_emotion_vector,ashamed,12,0.75,0.1667,0.0,0.0,0.0,0.0833,0.0,0.0
qwen3-32b_pca-jlens_171,gate_a_emotion_vector,astonished,12,1.0,0.0,0.0,0.0,0.0,0.0,0.0,0.0
qwen3-32b_pca-jlens_171,gate_a_emotion_vector,at ease,12,0.3333,0.3333,0.0,0.0,0.0,0.0833,0.25,0.0
qwen3-32b_pca-jlens_171,gate_a_emotion_vector,awestruck,12,0.25,0.6667,0.0,0.0,0.0,0.0,0.0,0.0833
qwen3-32b_pca-jlens_171,gate_a_emotion_vector,bewildered,12,0.9167,0.0,0.0833,0.0,0.0,0.0,0.0,0.0
qwen3-32b_pca-jlens_171,gate_a_emotion_vector,bitter,12,0.5,0.5,0.0,0.0,0.0,0.0,0.0,0.0
qwen3-32b_pca-jlens_171,gate_a_emotion_vector,blissful,12,0.4167,0.5833,0.0,0.0,0.0,0.0,0.0,0.0
qwen3-32b_pca-jlens_171,gate_a_emotion_vector,bored,12,0.4167,0.0,0.0833,0.0,0.0,0.3333,0.1667,0.0
qwen3-32b_pca-jlens_171,gate_a_emotion_vector,brooding,12,0.0,0.25,0.0,0.0,0.0,0.4167,0.3333,0.0
qwen3-32b_pca-jlens_171,gate_a_emotion_vector,calm,12,0.0833,0.0,0.0,0.0,0.0,0.4167,0.5,0.0
qwen3-32b_pca-jlens_171,gate_a_emotion_vector,cheerful,12,0.9167,0.0833,0.0,0.0,0.0,0.0,0.0,0.0
qwen3-32b_pca-jlens_171,gate_a_emotion_vector,compassionate,12,0.1667,0.0,0.0,0.0,0.0,0.8333,0.0,0.0
qwen3-32b_pca-jlens_171,gate_a_emotion_vector,contemptuous,12,0.0,1.0,0.0,0.0,0.0,0.0,0.0,0.0
qwen3-32b_pca-jlens_171,gate_a_emotion_vector,content,12,0.1667,0.1667,0.0,0.0,0.0,0.25,0.4167,0.0
qwen3-32b_pca-jlens_171,gate_a_emotion_vector,defiant,12,0.0833,0.25,0.0,0.0,0.0,0.6667,0.0,0.0
qwen3-32b_pca-jlens_171,gate_a_emotion_vector,delighted,12,1.0,0.0,0.0,0.0,0.0,0.0,0.0,0.0
qwen3-32b_pca-jlens_171,gate_a_emotion_vector,dependent,12,0.0,0.0,0.0,0.0,0.0,1.0,0.0,0.0
qwen3-32b_pca-jlens_171,gate_a_emotion_vector,depressed,12,0.0,1.0,0.0,0.0,0.0,0.0,0.0,0.0
qwen3-32b_pca-jlens_171,gate_a_emotion_vector,desperate,12,0.0,0.0833,0.0,0.0,0.0,0.9167,0.0,0.0
qwen3-32b_pca-jlens_171,gate_a_emotion_vector,disdainful,12,0.0,1.0,0.0,0.0,0.0,0.0,0.0,0.0
qwen3-32b_pca-jlens_171,gate_a_emotion_vector,disgusted,12,0.5,0.5,0.0,0.0,0.0,0.0,0.0,0.0
qwen3-32b_pca-jlens_171,gate_a_emotion_vector,disoriented,12,0.0,0.75,0.0,0.0,0.0,0.1667,0.0833,0.0
qwen3-32b_pca-jlens_171,gate_a_emotion_vector,dispirited,12,0.0,0.0833,0.0,0.0,0.0,0.25,0.6667,0.0
qwen3-32b_pca-jlens_171,gate_a_emotion_vector,distressed,12,0.0,0.75,0.0,0.0,0.0,0.25,0.0,0.0
qwen3-32b_pca-jlens_171,gate_a_emotion_vector,disturbed,12,0.9167,0.0,0.0,0.0,0.0,0.0833,0.0,0.0
qwen3-32b_pca-jlens_171,gate_a_emotion_vector,docile,12,0.1667,0.0833,0.0,0.0,0.0,0.6667,0.0833,0.0
qwen3-32b_pca-jlens_171,gate_a_emotion_vector,droopy,12,0.0,0.6667,0.0,0.0,0.0,0.1667,0.1667,0.0
qwen3-32b_pca-jlens_171,gate_a_emotion_vector,dumbstruck,12,0.8333,0.1667,0.0,0.0,0.0,0.0,0.0,0.0
qwen3-32b_pca-jlens_171,gate_a_emotion_vector,eager,12,0.0833,0.1667,0.1667,0.0,0.0,0.5833,0.0,0.0
qwen3-32b_pca-jlens_171,gate_a_emotion_vector,ecstatic,12,0.8333,0.0833,0.0,0.0833,0.0,0.0,0.0,0.0
qwen3-32b_pca-jlens_171,gate_a_emotion_vector,elated,12,1.0,0.0,0.0,0.0,0.0,0.0,0.0,0.0
qwen3-32b_pca-jlens_171,gate_a_emotion_vector,embarrassed,12,0.4167,0.5,0.0833,0.0,0.0,0.0,0.0,0.0
qwen3-32b_pca-jlens_171,gate_a_emotion_vector,empathetic,12,0.9167,0.0,0.0,0.0,0.0,0.0833,0.0,0.0
qwen3-32b_pca-jlens_171,gate_a_emotion_vector,energized,12,1.0,0.0,0.0,0.0,0.0,0.0,0.0,0.0
qwen3-32b_pca-jlens_171,gate_a_emotion_vector,enraged,12,0.5833,0.4167,0.0,0.0,0.0,0.0,0.0,0.0
qwen3-32b_pca-jlens_171,gate_a_emotion_vector,enthusiastic,12,0.5,0.0833,0.0,0.0833,0.0,0.3333,0.0,0.0
qwen3-32b_pca-jlens_171,gate_a_emotion_vector,envious,12,0.8333,0.1667,0.0,0.0,0.0,0.0,0.0,0.0
qwen3-32b_pca-jlens_171,gate_a_emotion_vector,euphoric,12,0.8333,0.1667,0.0,0.0,0.0,0.0,0.0,0.0
qwen3-32b_pca-jlens_171,gate_a_emotion_vector,exasperated,12,0.1667,0.5,0.0833,0.0,0.0,0.25,0.0,0.0
qwen3-32b_pca-jlens_171,gate_a_emotion_vector,excited,12,0.9167,0.0,0.0,0.0833,0.0,0.0,0.0,0.0
qwen3-32b_pca-jlens_171,gate_a_emotion_vector,exuberant,12,0.9167,0.0,0.0,0.0833,0.0,0.0,0.0,0.0
qwen3-32b_pca-jlens_171,gate_a_emotion_vector,frightened,12,0.0,1.0,0.0,0.0,0.0,0.0,0.0,0.0
qwen3-32b_pca-jlens_171,gate_a_emotion_vector,frustrated,12,0.6667,0.0,0.0833,0.0833,0.0,0.1667,0.0,0.0
qwen3-32b_pca-jlens_171,gate_a_emotion_vector,fulfilled,12,0.8333,0.0833,0.0,0.0,0.0,0.0833,0.0,0.0
qwen3-32b_pca-jlens_171,gate_a_emotion_vector,furious,12,0.8333,0.1667,0.0,0.0,0.0,0.0,0.0,0.0
qwen3-32b_pca-jlens_171,gate_a_emotion_vector,gloomy,12,0.0,0.25,0.0,0.0,0.0,0.4167,0.3333,0.0
qwen3-32b_pca-jlens_171,gate_a_emotion_vector,grateful,12,1.0,0.0,0.0,0.0,0.0,0.0,0.0,0.0
qwen3-32b_pca-jlens_171,gate_a_emotion_vector,greedy,12,0.0,1.0,0.0,0.0,0.0,0.0,0.0,0.0
qwen3-32b_pca-jlens_171,gate_a_emotion_vector,grief-stricken,12,0.3333,0.5833,0.0,0.0,0.0,0.0,0.0833,0.0
qwen3-32b_pca-jlens_171,gate_a_emotion_vector,grumpy,12,0.75,0.1667,0.0,0.0,0.0,0.0833,0.0,0.0
qwen3-32b_pca-jlens_171,gate_a_emotion_vector,guilty,12,1.0,0.0,0.0,0.0,0.0,0.0,0.0,0.0
qwen3-32b_pca-jlens_171,gate_a_emotion_vector,happy,12,1.0,0.0,0.0,0.0,0.0,0.0,0.0,0.0
qwen3-32b_pca-jlens_171,gate_a_emotion_vector,hateful,12,1.0,0.0,0.0,0.0,0.0,0.0,0.0,0.0
qwen3-32b_pca-jlens_171,gate_a_emotion_vector,heartbroken,12,0.4167,0.5,0.0,0.0,0.0,0.0833,0.0,0.0
qwen3-32b_pca-jlens_171,gate_a_emotion_vector,hope,12,1.0,0.0,0.0,0.0,0.0,0.0,0.0,0.0
qwen3-32b_pca-jlens_171,gate_a_emotion_vector,hopeful,12,1.0,0.0,0.0,0.0,0.0,0.0,0.0,0.0
qwen3-32b_pca-jlens_171,gate_a_emotion_vector,horrified,12,1.0,0.0,0.0,0.0,0.0,0.0,0.0,0.0
qwen3-32b_pca-jlens_171,gate_a_emotion_vector,hostile,12,0.75,0.0,0.0833,0.0833,0.0,0.0833,0.0,0.0
qwen3-32b_pca-jlens_171,gate_a_emotion_vector,humiliated,12,0.8333,0.1667,0.0,0.0,0.0,0.0,0.0,0.0
qwen3-32b_pca-jlens_171,gate_a_emotion_vector,hurt,12,0.3333,0.5,0.0,0.0,0.0,0.1667,0.0,0.0
qwen3-32b_pca-jlens_171,gate_a_emotion_vector,hysterical,12,0.6667,0.3333,0.0,0.0,0.0,0.0,0.0,0.0
qwen3-32b_pca-jlens_171,gate_a_emotion_vector,impatient,12,0.0833,0.0,0.0833,0.0,0.0,0.8333,0.0,0.0
qwen3-32b_pca-jlens_171,gate_a_emotion_vector,indifferent,12,0.1667,0.1667,0.5,0.0,0.0,0.1667,0.0,0.0
qwen3-32b_pca-jlens_171,gate_a_emotion_vector,indignant,12,0.0,1.0,0.0,0.0,0.0,0.0,0.0,0.0
qwen3-32b_pca-jlens_171,gate_a_emotion_vector,infatuated,12,0.6667,0.25,0.0,0.0,0.0,0.0,0.0,0.0833
qwen3-32b_pca-jlens_171,gate_a_emotion_vector,inspired,12,0.5,0.5,0.0,0.0,0.0,0.0,0.0,0.0
qwen3-32b_pca-jlens_171,gate_a_emotion_vector,insulted,12,0.0833,0.9167,0.0,0.0,0.0,0.0,0.0,0.0
qwen3-32b_pca-jlens_171,gate_a_emotion_vector,invigorated,12,0.4167,0.5833,0.0,0.0,0.0,0.0,0.0,0.0
qwen3-32b_pca-jlens_171,gate_a_emotion_vector,irate,12,1.0,0.0,0.0,0.0,0.0,0.0,0.0,0.0
qwen3-32b_pca-jlens_171,gate_a_emotion_vector,irritated,12,0.5833,0.4167,0.0,0.0,0.0,0.0,0.0,0.0
qwen3-32b_pca-jlens_171,gate_a_emotion_vector,jealous,12,0.75,0.25,0.0,0.0,0.0,0.0,0.0,0.0
qwen3-32b_pca-jlens_171,gate_a_emotion_vector,joyful,12,1.0,0.0,0.0,0.0,0.0,0.0,0.0,0.0
qwen3-32b_pca-jlens_171,gate_a_emotion_vector,jubilant,12,1.0,0.0,0.0,0.0,0.0,0.0,0.0,0.0
qwen3-32b_pca-jlens_171,gate_a_emotion_vector,kind,12,0.75,0.0833,0.1667,0.0,0.0,0.0,0.0,0.0
qwen3-32b_pca-jlens_171,gate_a_emotion_vector,lazy,12,1.0,0.0,0.0,0.0,0.0,0.0,0.0,0.0
qwen3-32b_pca-jlens_171,gate_a_emotion_vector,listless,12,0.0,0.75,0.0,0.0,0.0,0.0,0.25,0.0
qwen3-32b_pca-jlens_171,gate_a_emotion_vector,lonely,12,0.1667,0.8333,0.0,0.0,0.0,0.0,0.0,0.0
qwen3-32b_pca-jlens_171,gate_a_emotion_vector,loving,12,0.4167,0.4167,0.0,0.0,0.0,0.1667,0.0,0.0
qwen3-32b_pca-jlens_171,gate_a_emotion_vector,mad,12,0.8333,0.1667,0.0,0.0,0.0,0.0,0.0,0.0
qwen3-32b_pca-jlens_171,gate_a_emotion_vector,melancholy,12,0.0,0.4167,0.0,0.0,0.0,0.3333,0.25,0.0
qwen3-32b_pca-jlens_171,gate_a_emotion_vector,miserable,12,0.0,0.25,0.0,0.0,0.0,0.3333,0.4167,0.0
qwen3-32b_pca-jlens_171,gate_a_emotion_vector,mortified,12,0.25,0.75,0.0,0.0,0.0,0.0,0.0,0.0
qwen3-32b_pca-jlens_171,gate_a_emotion_vector,mystified,12,0.8333,0.1667,0.0,0.0,0.0,0.0,0.0,0.0
qwen3-32b_pca-jlens_171,gate_a_emotion_vector,nervous,12,0.0,0.25,0.0,0.0,0.0,0.5833,0.1667,0.0
qwen3-32b_pca-jlens_171,gate_a_emotion_vector,nostalgic,12,0.3333,0.6667,0.0,0.0,0.0,0.0,0.0,0.0
qwen3-32b_pca-jlens_171,gate_a_emotion_vector,obstinate,12,0.0,0.1667,0.3333,0.0,0.0833,0.4167,0.0,0.0
qwen3-32b_pca-jlens_171,gate_a_emotion_vector,offended,12,0.0833,0.75,0.1667,0.0,0.0,0.0,0.0,0.0
qwen3-32b_pca-jlens_171,gate_a_emotion_vector,on edge,12,0.0,0.1667,0.0,0.0,0.0,0.4167,0.4167,0.0
qwen3-32b_pca-jlens_171,gate_a_emotion_vector,optimistic,12,1.0,0.0,0.0,0.0,0.0,0.0,0.0,0.0
qwen3-32b_pca-jlens_171,gate_a_emotion_vector,outraged,12,1.0,0.0,0.0,0.0,0.0,0.0,0.0,0.0
qwen3-32b_pca-jlens_171,gate_a_emotion_vector,overwhelmed,12,0.5,0.5,0.0,0.0,0.0,0.0,0.0,0.0
qwen3-32b_pca-jlens_171,gate_a_emotion_vector,panicked,12,0.25,0.6667,0.0,0.0,0.0,0.0,0.0833,0.0
qwen3-32b_pca-jlens_171,gate_a_emotion_vector,paranoid,12,0.75,0.25,0.0,0.0,0.0,0.0,0.0,0.0
qwen3-32b_pca-jlens_171,gate_a_emotion_vector,patient,12,0.75,0.25,0.0,0.0,0.0,0.0,0.0,0.0
qwen3-32b_pca-jlens_171,gate_a_emotion_vector,peaceful,12,0.0,0.3333,0.0,0.0,0.0,0.25,0.4167,0.0
qwen3-32b_pca-jlens_171,gate_a_emotion_vector,perplexed,12,0.3333,0.0833,0.5833,0.0,0.0,0.0,0.0,0.0
qwen3-32b_pca-jlens_171,gate_a_emotion_vector,playful,12,0.3333,0.6667,0.0,0.0,0.0,0.0,0.0,0.0
qwen3-32b_pca-jlens_171,gate_a_emotion_vector,pleased,12,1.0,0.0,0.0,0.0,0.0,0.0,0.0,0.0
qwen3-32b_pca-jlens_171,gate_a_emotion_vector,proud,12,1.0,0.0,0.0,0.0,0.0,0.0,0.0,0.0
qwen3-32b_pca-jlens_171,gate_a_emotion_vector,puzzled,12,0.3333,0.1667,0.5,0.0,0.0,0.0,0.0,0.0
qwen3-32b_pca-jlens_171,gate_a_emotion_vector,rattled,12,0.0,0.5833,0.0,0.0,0.0,0.4167,0.0,0.0
qwen3-32b_pca-jlens_171,gate_a_emotion_vector,reflective,12,0.5833,0.0833,0.0,0.0,0.0,0.25,0.0833,0.0
qwen3-32b_pca-jlens_171,gate_a_emotion_vector,refreshed,12,0.25,0.3333,0.0,0.0,0.0,0.4167,0.0,0.0
qwen3-32b_pca-jlens_171,gate_a_emotion_vector,regretful,12,1.0,0.0,0.0,0.0,0.0,0.0,0.0,0.0
qwen3-32b_pca-jlens_171,gate_a_emotion_vector,rejuvenated,12,0.25,0.75,0.0,0.0,0.0,0.0,0.0,0.0
qwen3-32b_pca-jlens_171,gate_a_emotion_vector,relaxed,12,0.5833,0.3333,0.0,0.0,0.0,0.0,0.0833,0.0
qwen3-32b_pca-jlens_171,gate_a_emotion_vector,relieved,12,1.0,0.0,0.0,0.0,0.0,0.0,0.0,0.0
qwen3-32b_pca-jlens_171,gate_a_emotion_vector,remorseful,12,1.0,0.0,0.0,0.0,0.0,0.0,0.0,0.0
qwen3-32b_pca-jlens_171,gate_a_emotion_vector,resentful,12,0.0,1.0,0.0,0.0,0.0,0.0,0.0,0.0
qwen3-32b_pca-jlens_171,gate_a_emotion_vector,resigned,12,0.25,0.3333,0.0,0.0,0.0,0.25,0.1667,0.0
qwen3-32b_pca-jlens_171,gate_a_emotion_vector,restless,12,0.0,0.0,0.0,0.0,0.0,0.6667,0.3333,0.0
qwen3-32b_pca-jlens_171,gate_a_emotion_vector,sad,12,0.0,0.25,0.0,0.0,0.0,0.4167,0.3333,0.0
qwen3-32b_pca-jlens_171,gate_a_emotion_vector,safe,12,0.1667,0.3333,0.0,0.0,0.0,0.0833,0.4167,0.0
qwen3-32b_pca-jlens_171,gate_a_emotion_vector,satisfied,12,0.8333,0.0,0.0,0.0,0.0,0.0,0.1667,0.0
qwen3-32b_pca-jlens_171,gate_a_emotion_vector,scared,12,0.0,1.0,0.0,0.0,0.0,0.0,0.0,0.0
qwen3-32b_pca-jlens_171,gate_a_emotion_vector,scornful,12,0.0,1.0,0.0,0.0,0.0,0.0,0.0,0.0
qwen3-32b_pca-jlens_171,gate_a_emotion_vector,self-confident,12,0.0833,0.5,0.0833,0.0,0.0,0.3333,0.0,0.0
qwen3-32b_pca-jlens_171,gate_a_emotion_vector,self-conscious,12,0.0,0.0,0.0,0.0,0.0,0.9167,0.0833,0.0
qwen3-32b_pca-jlens_171,gate_a_emotion_vector,self-critical,12,0.8333,0.0833,0.0,0.0,0.0,0.0833,0.0,0.0
qwen3-32b_pca-jlens_171,gate_a_emotion_vector,sensitive,12,0.1667,0.6667,0.0,0.0,0.0,0.1667,0.0,0.0
qwen3-32b_pca-jlens_171,gate_a_emotion_vector,sentimental,12,0.5,0.4167,0.0,0.0,0.0,0.0,0.0833,0.0
qwen3-32b_pca-jlens_171,gate_a_emotion_vector,serene,12,0.0,0.1667,0.0,0.0,0.0,0.3333,0.5,0.0
qwen3-32b_pca-jlens_171,gate_a_emotion_vector,shaken,12,0.1667,0.5833,0.0,0.0,0.0,0.25,0.0,0.0
qwen3-32b_pca-jlens_171,gate_a_emotion_vector,shocked,12,1.0,0.0,0.0,0.0,0.0,0.0,0.0,0.0
qwen3-32b_pca-jlens_171,gate_a_emotion_vector,skeptical,12,0.0,0.75,0.25,0.0,0.0,0.0,0.0,0.0
qwen3-32b_pca-jlens_171,gate_a_emotion_vector,sleepy,12,0.0833,0.0833,0.0,0.0,0.0,0.8333,0.0,0.0
qwen3-32b_pca-jlens_171,gate_a_emotion_vector,sluggish,12,0.0,0.9167,0.0,0.0,0.0,0.0833,0.0,0.0
qwen3-32b_pca-jlens_171,gate_a_emotion_vector,smug,12,0.0,0.9167,0.0833,0.0,0.0,0.0,0.0,0.0
qwen3-32b_pca-jlens_171,gate_a_emotion_vector,sorry,12,1.0,0.0,0.0,0.0,0.0,0.0,0.0,0.0
qwen3-32b_pca-jlens_171,gate_a_emotion_vector,spiteful,12,0.0,1.0,0.0,0.0,0.0,0.0,0.0,0.0
qwen3-32b_pca-jlens_171,gate_a_emotion_vector,stimulated,12,0.6667,0.25,0.0,0.0,0.0,0.0833,0.0,0.0
qwen3-32b_pca-jlens_171,gate_a_emotion_vector,stressed,12,0.0833,0.8333,0.0,0.0,0.0,0.0833,0.0,0.0
qwen3-32b_pca-jlens_171,gate_a_emotion_vector,stubborn,12,0.0833,0.1667,0.3333,0.0,0.25,0.1667,0.0,0.0
qwen3-32b_pca-jlens_171,gate_a_emotion_vector,stuck,12,0.25,0.5,0.0,0.0,0.0,0.25,0.0,0.0
qwen3-32b_pca-jlens_171,gate_a_emotion_vector,sullen,12,0.0,0.0,0.0,0.0,0.0,0.3333,0.6667,0.0
qwen3-32b_pca-jlens_171,gate_a_emotion_vector,surprised,12,0.8333,0.0833,0.0833,0.0,0.0,0.0,0.0,0.0
qwen3-32b_pca-jlens_171,gate_a_emotion_vector,suspicious,12,0.0,0.75,0.25,0.0,0.0,0.0,0.0,0.0
qwen3-32b_pca-jlens_171,gate_a_emotion_vector,sympathetic,12,0.75,0.0,0.0,0.0,0.0,0.25,0.0,0.0
qwen3-32b_pca-jlens_171,gate_a_emotion_vector,tense,12,0.0,0.4167,0.0,0.0,0.0,0.5,0.0833,0.0
qwen3-32b_pca-jlens_171,gate_a_emotion_vector,terrified,12,0.5,0.5,0.0,0.0,0.0,0.0,0.0,0.0
qwen3-32b_pca-jlens_171,gate_a_emotion_vector,thankful,12,1.0,0.0,0.0,0.0,0.0,0.0,0.0,0.0
qwen3-32b_pca-jlens_171,gate_a_emotion_vector,thrilled,12,0.9167,0.0,0.0,0.0833,0.0,0.0,0.0,0.0
qwen3-32b_pca-jlens_171,gate_a_emotion_vector,tired,12,0.0,0.75,0.0,0.0,0.0,0.1667,0.0833,0.0
qwen3-32b_pca-jlens_171,gate_a_emotion_vector,tormented,12,0.1667,0.8333,0.0,0.0,0.0,0.0,0.0,0.0
qwen3-32b_pca-jlens_171,gate_a_emotion_vector,trapped,12,0.4167,0.5833,0.0,0.0,0.0,0.0,0.0,0.0
qwen3-32b_pca-jlens_171,gate_a_emotion_vector,triumphant,12,0.9167,0.0833,0.0,0.0,0.0,0.0,0.0,0.0
qwen3-32b_pca-jlens_171,gate_a_emotion_vector,troubled,12,0.0,0.3333,0.0,0.0,0.0,0.5,0.1667,0.0
qwen3-32b_pca-jlens_171,gate_a_emotion_vector,uneasy,12,0.0,0.25,0.0,0.0,0.0,0.5,0.25,0.0
qwen3-32b_pca-jlens_171,gate_a_emotion_vector,unhappy,12,0.0,0.1667,0.0,0.0,0.0,0.3333,0.5,0.0
qwen3-32b_pca-jlens_171,gate_a_emotion_vector,unnerved,12,0.0,0.3333,0.0,0.0,0.0,0.4167,0.25,0.0
qwen3-32b_pca-jlens_171,gate_a_emotion_vector,unsettled,12,0.0,0.25,0.0,0.0,0.0,0.5,0.25,0.0
qwen3-32b_pca-jlens_171,gate_a_emotion_vector,upset,12,0.0,0.8333,0.0,0.0,0.0,0.1667,0.0,0.0
qwen3-32b_pca-jlens_171,gate_a_emotion_vector,valiant,12,0.0,0.0,0.0,0.0,0.0,1.0,0.0,0.0
qwen3-32b_pca-jlens_171,gate_a_emotion_vector,vengeful,12,0.0,1.0,0.0,0.0,0.0,0.0,0.0,0.0
qwen3-32b_pca-jlens_171,gate_a_emotion_vector,vibrant,12,1.0,0.0,0.0,0.0,0.0,0.0,0.0,0.0
qwen3-32b_pca-jlens_171,gate_a_emotion_vector,vigilant,12,0.5833,0.4167,0.0,0.0,0.0,0.0,0.0,0.0
qwen3-32b_pca-jlens_171,gate_a_emotion_vector,vindictive,12,0.0,1.0,0.0,0.0,0.0,0.0,0.0,0.0
qwen3-32b_pca-jlens_171,gate_a_emotion_vector,vulnerable,12,0.0,0.0833,0.0,0.0,0.0,0.75,0.1667,0.0
qwen3-32b_pca-jlens_171,gate_a_emotion_vector,weary,12,0.0,0.75,0.0,0.0,0.0,0.1667,0.0833,0.0
qwen3-32b_pca-jlens_171,gate_a_emotion_vector,worn out,12,0.0,0.8333,0.0,0.0,0.0,0.1667,0.0,0.0
qwen3-32b_pca-jlens_171,gate_a_emotion_vector,worried,12,0.9167,0.0,0.0833,0.0,0.0,0.0,0.0,0.0
qwen3-32b_pca-jlens_171,gate_a_emotion_vector,worthless,12,0.0833,0.5833,0.0,0.0,0.0,0.1667,0.1667,0.0
qwen3-32b_pca-jlens_171,gate_b_pc,+PC1,12,0.0,0.5833,0.4167,0.0,0.0,0.0,0.0,0.0
qwen3-32b_pca-jlens_171,gate_b_pc,+PC2,12,0.0,0.0,0.0,0.0,0.0,0.5,0.5,0.0
qwen3-32b_pca-jlens_171,gate_b_pc,+PC3,12,0.6667,0.3333,0.0,0.0,0.0,0.0,0.0,0.0
qwen3-32b_pca-jlens_171,gate_b_pc,+PC4,12,1.0,0.0,0.0,0.0,0.0,0.0,0.0,0.0
qwen3-32b_pca-jlens_171,gate_b_pc,+PC5,12,0.25,0.6667,0.0,0.0,0.0,0.0833,0.0,0.0
qwen3-32b_pca-jlens_171,gate_b_pc,-PC1,12,0.0,0.5833,0.0,0.0,0.0,0.3333,0.0833,0.0
qwen3-32b_pca-jlens_171,gate_b_pc,-PC2,12,0.6667,0.25,0.0,0.0833,0.0,0.0,0.0,0.0
qwen3-32b_pca-jlens_171,gate_b_pc,-PC3,12,0.75,0.0833,0.0833,0.0833,0.0,0.0,0.0,0.0
qwen3-32b_pca-jlens_171,gate_b_pc,-PC4,12,0.0833,0.0,0.0833,0.0,0.0,0.6667,0.1667,0.0
qwen3-32b_pca-jlens_171,gate_b_pc,-PC5,12,1.0,0.0,0.0,0.0,0.0,0.0,0.0,0.0
